Binubua30,@Binu303
The T Pixel,@Thameem_Ahammed
DEMIGODunity,@Sasilisanth
Bhava7702,Bhavanesh
NAMIKAZE TAMIL,༄ᶦᶰᵈ᭄✿AJAY NAMIKAZE࿐
Jothi Jo5569,Jothi
RupeshJothi,RUPESH
AZEUS MC,@Soulreaperz1
The M Pixel8100,@The_M_Pixel
The I Pixel7437,Imran
madlydork22,@madly_dork
BADBOY1143007,BADBOY
Hotshotbaby10,sangeeth
Sigma nithish,@nithishsun
TheGiantOwl210,@Balaji_Great_16
Gladstin,@Gladinraj
JetNormal916556,@Dakshinya_2011
Pixelwarrior14,@The_M_Pixel
Bhavacorp,@Binu303
Mr ArunRaj,ARUNRAJ
KUTTYQUEEN,Kutty
SABASTIN77,SABASTIN
Parthiban672581,@Parthiban6723
mcbujji,@bhavindhanaraj
Red king gamer0,@RedkingGamingtamil
Bloodygodpriest,@Devilpriest090
ALL IS WELL2673,legendpk143 (discord)
InroverntXEvil,@Goku_vege
Madara02143,@Parthivgamerzyt
DeepakDDestro,Deepak
Zoro367897,@Roronoazoromk
